Energy (eV),n (Simulated),k (Simulated)
3.0,1.626406325950206,0.026919629045617576
3.0426065162907268,1.6286940837115707,0.02739764756889004
3.0852130325814535,1.6310250808160554,0.02788891227609773
3.1278195488721803,1.6334004559734623,0.02839393788456663
3.170426065162907,1.635821394187823,0.028913265494671127
3.2130325814536342,1.6382891292243058,0.029447464309544386
3.255639097744361,1.640804946243944,0.02999713349350897
3.2982456140350878,1.643370184620038,0.030562904182748537
3.3408521303258145,1.6459862409514645,0.03114544166326373
3.3834586466165413,1.6486545722895978,0.03174544773301713
3.426065162907268,1.6513766995972303,0.03236366326707369
3.468671679197995,1.6541542114597159,0.03300087100684194
3.511278195488722,1.6569887680706532,0.03365789859721273
3.5538847117794488,1.6598821055166986,0.034335621898216706
3.5964912280701755,1.6628360403887006,0.0350349686013119
3.6390977443609023,1.6658524747492074,0.035756922184312784
3.681704260651629,1.6689334014896209,0.036502526243385285
3.724310776942356,1.6720809101138907,0.03727288924573742
3.7669172932330826,1.6752971929896507,0.03806918975260679
3.8095238095238093,1.6785845521122769,0.03889268216898019
3.852130325814536,1.6819454064323849,0.039744703084537494
3.894736842105263,1.6853822998030479,0.040626678279582454
3.93734335839599,1.6888979096093923,0.04154013048056514
3.979949874686717,1.6924950561504848,0.04248668796249267
4.022556390977444,1.6961767128515155,0.043468094110385755
4.065162907268171,1.6999460173934058,0.04448621806935609
4.1077694235588975,1.703806283857233,0.045543066633528535
4.150375939849624,1.7077610159923455,0.046640797548253905
4.192982456140351,1.711813921729971,0.04778173442900791
4.235588972431078,1.715968929078541,0.0489683835344642
4.2781954887218046,1.7202302035530894,0.05020345267230054
4.320802005012531,1.7246021673090355,0.05148987256493073
4.363408521303258,1.7290895201705012,0.052830821061201655
4.406015037593985,1.7336972627652096,0.054229750650548816
4.448621553884712,1.7384307220018327,0.05569041982145395
4.491228070175438,1.743295579151369,0.05721692890930903
4.533834586466165,1.748297900821356,0.058813761204532494
4.576441102756892,1.753444173139881,0.060485830245085324
4.619047619047619,1.7587413394943436,0.06223853440537552
4.661654135338345,1.764196842196111,0.06407782012439533
4.704260651629072,1.7698186684638149,0.06601025540070027
4.746867167919799,1.7756154011310745,0.06804311553445054
4.789473684210526,1.7815962744825544,0.0701844835348128
4.832080200501253,1.7877712355963054,0.07244336815752948
4.87468671679198,1.7941510115063761,0.0748298432212272
4.917293233082707,1.8007471823772763,0.07735521271013761
4.959899749373434,1.8075722606706819,0.08003220725318623
5.00250626566416,1.8146397759400212,0.08287521893766778
5.045112781954887,1.8219643643439634,0.08590058314998646
5.087719298245614,1.8295618611271807,0.08912691833913414
5.130325814536341,1.8374493930303317,0.09257553740232821
5.172932330827067,1.845645465643969,0.09627094796233315
5.215538847117794,1.8541700377890877,0.10024146334944112
5.258145363408522,1.8630445706048637,0.10451995186831241
5.3007518796992485,1.872292032422437,0.10914475921196769
5.343358395989975,1.8819368306031496,0.11416084799237884
5.385964912280702,1.8920046266603168,0.11962120956335837
5.428571428571429,1.9025219686557353,0.12558861672536561
5.471177944862156,1.9135156412755916,0.13213780119612406
5.513784461152882,1.9250115834446182,0.13935815559382816
5.556390977443609,1.9370331473358753,0.14735707273977475
5.598997493734336,1.9495983587302843,0.15626403784147
5.641604010025063,1.9627156692152157,0.16623556601244374
5.684210526315789,1.9763774420950004,0.17746099774793236
5.726817042606516,1.990550058391458,0.1901689690763957
5.769423558897243,2.005159044498703,0.20463395059565237
5.81203007518797,2.020067021098023,0.22118140209269813
5.854636591478696,2.0350416770913076,0.24018848032711218
5.897243107769423,2.049710795015019,0.2620743492816393
5.93984962406015,2.063502667592922,0.28726933291306095
5.982456140350877,2.0755754305302987,0.31614508530264174
6.0250626566416035,2.084754634985784,0.34889364432497144
6.06766917293233,2.0895526025143027,0.3854771221618184
6.110275689223057,2.0884222609402565,0.4260640694572614
6.152882205513784,2.079695594773216,0.4730032758952314
6.1954887218045105,2.056674598258043,0.527970177576707
6.238095238095238,2.0170330990819356,0.5763868305749764
6.280701754385965,1.97421121084973,0.6065848005286045
6.323308270676692,1.9391321661332648,0.6166568558160853
6.365914786967418,1.917095691428079,0.6117533783924664
6.408521303258145,1.9018520322404726,0.6053574891794032
6.451127819548872,1.8825398325002494,0.5983282641627473
6.493734335839599,1.8647655133857892,0.5879541251296839
6.5363408521303255,1.852840581582909,0.5768592439249937
6.578947368421052,1.8466911348003792,0.5672162042876724
6.62155388471178,1.8450082497749627,0.5601563293003665
6.664160401002507,1.8464199065919273,0.5561245056087446
6.706766917293233,1.8498139348121139,0.5551879372903105
6.74937343358396,1.8543370819162606,0.5572167550980682
6.791979949874687,1.8593481696738217,0.5619939813868692
6.834586466165414,1.8643651900820177,0.5692761396661642
6.87719298245614,1.8690193128502925,0.5788223645185779
6.919799498746867,1.8730194505045348,0.5904050675876824
6.962406015037594,1.8761270829717471,0.6038105560711897
7.005012531328321,1.8781398266606772,0.6188346596034022
7.0476190476190474,1.8788821863450955,0.6352763603692495
7.090225563909774,1.8782022812375192,0.6529313065324525
7.132832080200501,1.8759737568905248,0.6715866234692054
7.175438596491228,1.8721024607707741,0.6910184481057964
7.2180451127819545,1.8665377347336853,0.7109940807963548
7.260651629072681,1.8592883153878383,0.7312817829570765
7.303258145363408,1.8504425986647568,0.7516736770134747
7.345864661654135,1.8401914104808623,0.7720324527598007
7.3884711779448615,1.8288445365704544,0.7923839363496548
7.431077694235588,1.816805652506189,0.8131001903322453
7.473684210526316,1.804373158447189,0.8352457763133736
7.516290726817043,1.7909231800896108,0.8610666794742868
7.5588972431077694,1.7724867385792247,0.8935906041801503
7.601503759398496,1.7390732906301352,0.9308152383707294
7.644110275689223,1.685770020882685,0.9560422949792853
7.68671679197995,1.6303893718829152,0.9568369154899994
7.7293233082706765,1.587857413389759,0.9444464794074384
7.771929824561403,1.556119189351994,0.9302329094175842
7.81453634085213,1.5301931604853594,0.917157280425633
7.857142857142857,1.5074002859067654,0.9050056801232012
7.8997493734335835,1.4866884512249532,0.8931683348656099
7.94235588972431,1.4677220740428092,0.8812477056650936
7.984962406015037,1.4504348758090162,0.8690799668670283
8.027568922305765,1.434842714937699,0.8566640292806825
8.07017543859649,1.4209684251910901,0.8440990585901611
8.112781954887218,1.408812989592822,0.8315415587852367
8.155388471177945,1.3983460599918673,0.8191776015655025
8.197994987468672,1.3895045698066473,0.8072051709570786
8.240601503759398,1.3821945138408778,0.795823067550039
8.283208020050125,1.3762935547246002,0.7852240539301951
8.325814536340852,1.3716531616639158,0.7755906873879777
8.368421052631579,1.3680993565673216,0.7670926367777329
8.411027568922306,1.3654312352343763,0.7598842015509866
8.453634085213032,1.3634166304828346,0.7541001085232438
8.496240601503759,1.361785335099821,0.7498464181859554
8.538847117794486,1.360223459103794,0.7471824164181069
8.581453634085213,1.3583781096186005,0.746091942102674
8.62406015037594,1.3558845377533342,0.7464530360469308
8.666666666666666,1.3524164507939795,0.7480281122521132
8.709273182957393,1.347735411228589,0.7504912202863737
8.75187969924812,1.3417092539868194,0.7534775002456653
8.794486215538846,1.3342990595936117,0.7566216399633954
8.837092731829575,1.3255399618261898,0.7595721997019489
8.8796992481203,1.3155338459910526,0.7619943587954628
8.922305764411028,1.3044530145949216,0.7635774380588095
8.964912280701753,1.2925445984331785,0.7640552927319545
9.007518796992482,1.2801224067166879,0.7632418437226693
9.050125313283207,1.267520588130167,0.7610780098652938
9.092731829573935,1.2549527934123974,0.7576356476495523
9.13533834586466,1.242333342805636,0.7528275229667776
9.177944862155389,1.229893620591243,0.7459338807416382
9.220551378446114,1.2194653947757355,0.737037762670087
9.263157894736842,1.213214299340853,0.730044772578068
9.305764411027567,1.2066201860270531,0.7299728667278893
9.348370927318296,1.1969340301728946,0.7279631439015873
9.390977443609021,1.1925928442605556,0.7230193744266682
9.43358395989975,1.1899242257328242,0.7223891197252583
9.476190476190476,1.179928092077264,0.7200342707639059
9.518796992481203,1.1682050573102802,0.7124638797154975
9.56140350877193,1.1575315002519961,0.7028138784482763
9.604010025062657,1.1481834656852843,0.692401875208715
9.646616541353383,1.140054716228349,0.6816271265778847
9.68922305764411,1.1330117458306128,0.6706702678482439
9.731829573934837,1.126941191208323,0.659667574289188
9.774436090225564,1.1217426312112158,0.648726825390546
9.81704260651629,1.1173245565967491,0.6379312467630622
9.859649122807017,1.1136031190684352,0.6273431496305971
9.902255639097744,1.110501749452,0.617007400775381
9.94486215538847,1.1079509580515186,0.6069546436560487
9.987468671679197,1.1058880953358443,0.5972041842693171
10.030075187969924,1.1042570233786226,0.587766491686311
10.072681704260651,1.103007707716517,0.5786453010765881
10.115288220551378,1.1020957557766102,0.5698393362602264
10.157894736842104,1.1014819289752449,0.5613436878981405
10.200501253132831,1.1011316513477007,0.5531508934627809
10.24310776942356,1.1010145320140217,0.5452517681060123
10.285714285714285,1.1011039496261832,0.5376355184451673
10.328320802005013,1.1013765502221038,0.5302916747974408
10.370927318295738,1.1018118868386233,0.5232094408085924
10.413533834586467,1.1023921391532079,0.516377474263618
10.456140350877192,1.1031019843477932,0.5097851142458278
10.49874686716792,1.1039277396281975,0.503421237070186
10.541353383458645,1.104857655523184,0.49727546638027237
10.583959899749374,1.105881539010989,0.49133787972264037
10.626566416040099,1.106990567399726,0.4855990453374654
10.669172932330827,1.1081771251804717,0.4800500463503883
10.711779448621552,1.1094346611272048,0.47468249576501775
10.75438596491228,1.1107575631847237,0.4694885449939088
10.796992481203006,1.1121410489361319,0.4644608881368108
10.839598997493734,1.1135810696710058,0.4595927637927432
10.882205513784461,1.1150742262812394,0.4548779558555536
10.924812030075188,1.116617695392072,0.45031079447299066
10.967418546365915,1.1182091642900935,0.44588615813195775
11.010025062656641,1.1198467733375834,0.4415994776546838
11.052631578947368,1.1215290646630944,0.43744674274122286
11.095238095238095,1.1232549359914723,0.43342451156343553
11.137844611528822,1.1250235985221493,0.42952992379612587
11.180451127819548,1.1268345377821083,0.4257607173546259
11.223057644110275,1.1286874763688703,0.42211524898779623
11.265664160401002,1.1305823374587651,0.41859251874423814
11.308270676691729,1.1325192078864892,0.4151921981806399
11.350877192982455,1.134498299504129,0.41191466200751264
11.393483709273182,1.1365199074032306,0.40876102266153186
11.436090225563909,1.1385843634358908,0.40573316704707446
11.478696741854636,1.140691983306903,0.4028337943933077
11.521303258145362,1.142843005339333,0.4000664538174937
11.56390977443609,1.145037518856693,0.39743557975956945
11.606516290726816,1.147275379999106,0.39494652294699667
11.649122807017543,1.1495561127301606,0.3926055739528615
11.69172932330827,1.1518787928371612,0.3904199757176321
11.734335839598996,1.1542419129327406,0.3883979206149513
11.776942355889723,1.1566432268939568,0.38654852676312856
11.81954887218045,1.1590795728990066,0.3848817873399386
11.862155388471177,1.161546675320262,0.3834084856924397
11.904761904761905,1.1640389272834408,0.38214006811456436
11.947368421052632,1.1665491577748774,0.381088465390597
11.989974937343359,1.1690683898217196,0.38026585369791316
12.032581453634085,1.1715855995077054,0.3796843453766783
12.075187969924812,1.1740874894210773,0.37935560057342066
12.117794486215539,1.176558294556183,0.37929035203257483
12.160401002506266,1.1789796437263254,0.37949783757237715
12.203007518796992,1.1813305052637182,0.37998513839239934
12.24561403508772,1.183587252269684,0.3807564269615579
12.288220551378446,1.185723889833228,0.3818121369811802
12.330827067669173,1.1877124936632224,0.3831480816271715
12.3734335839599,1.1895239141225353,0.38475456720624474
12.416040100250626,1.191128796805432,0.38661557912127664
12.458646616541353,1.1924989527902374,0.38870815426372896
12.50125313283208,1.1936090696194668,0.39100209110154277
12.543859649122806,1.194438682866053,0.39346016991280935
12.586466165413533,1.1949742342981156,0.3960390387495435
12.62907268170426,1.195210950176122,0.39869084691150497
12.671679197994987,1.1951542210893735,0.4013655761142812
12.714285714285714,1.1948201910989489,0.4040138587841572
12.75689223057644,1.1942353822533518,0.40658993714867125
12.799498746867167,1.1934353635440698,0.4090543620833696
12.842105263157894,1.1924626602756,0.41137608384387875
12.88471177944862,1.1913642258758737,0.4135337285621478
12.927318295739347,1.1901888274464056,0.41551602982464414
12.969924812030074,1.1889846357695557,0.41732153328532845
13.0125313283208,1.187797198696899,0.4189577761528682
13.055137844611528,1.1866678598448652,0.42044015734279017
13.097744360902254,1.1856325951957134,0.42179067746592935
13.140350877192981,1.1847211907915327,0.4230366684429341
13.182957393483708,1.1839566708509812,0.4242095733936619
13.225563909774436,1.1833548951956374,0.42534379105076764
13.268170426065163,1.1829242657484906,0.4264755681347435
13.31077694235589,1.1826655062067681,0.4276419051495738
13.353383458646617,1.182571503887412,0.42887943188822025
13.395989974937343,1.1826272287130164,0.4302232063242724
13.43859649122807,1.1828097728132614,0.43170539540055164
13.481203007518797,1.183088585075037,0.4333538123587272
13.523809523809524,1.1834260041144748,0.4351903179334871
13.56641604010025,1.183778211270427,0.43722914567251275
13.609022556390977,1.1840967182707283,0.4394752828635856
13.651629072681704,1.184330456953846,0.44192311597070916
13.69423558897243,1.1844284419582756,0.4445556087190222
13.736842105263158,1.1843428392125392,0.44734428915524466
13.779448621553884,1.1840321247977663,0.45025025034429406
13.822055137844611,1.1834639121437756,0.45322621182438727
13.864661654135338,1.1826170136639158,0.4562194767918464
13.907268170426065,1.1814824113703426,0.4591754183608188
13.949874686716791,1.180063016916665,0.4620410097874423
13.992481203007518,1.1783723386021292,0.46476792175736154
14.035087719298245,1.1764323626967799,0.4673148362782338
14.077694235588972,1.174271046253074,0.46964881802686376
14.120300751879698,1.1719198012015983,0.4717457722494516
14.162907268170425,1.169411256393619,0.47359015285185935
14.205513784461152,1.1667774618682578,0.4751741468242053
14.248120300751879,1.1640485872616857,0.4764965613194695
14.290726817042605,1.1612520852595862,0.47756160101142203
14.333333333333332,1.158412245523754,0.4783776695915633
14.375939849624059,1.1555500482825036,0.47895627728851503
14.418546365914786,1.1526832297716871,0.47931109468970157
14.461152882205512,1.1498264847166408,0.4794571641571583
14.50375939849624,1.14699174741431,0.4794102623988207
14.546365914786966,1.1441885087814756,0.4791863985324042
14.588972431077693,1.1414241401345433,0.47880142844220214
14.631578947368421,1.1387042049320741,0.47827076608575336
14.674185463659148,1.1360327474156564,0.477609174027832
14.716791979949875,1.1334125524904846,0.47683061782130326
14.759398496240602,1.1308453748156968,0.4759481713155838
14.802005012531328,1.1283321373971669,0.4749739622471336
14.844611528822055,1.125873101373868,0.4739191494277252
14.887218045112782,1.1234680094535998,0.4727939244724864
14.929824561403509,1.1211162057965967,0.4716075323288045
14.972431077694235,1.1188167352165157,0.47036830592705664
15.015037593984962,1.1165684244715752,0.4690837111258794
15.057644110275689,1.1143699482251903,0.4677603988144297
15.100250626566416,1.1122198820127958,0.4664042615996651
15.142857142857142,1.1101167442907764,0.46502049297742926
15.185463659147869,1.1080590293843082,0.463613647283713
15.228070175438596,1.1060452329053925,0.46218769906227286
15.270676691729323,1.1040738709870113,0.46074610077758177
15.31328320802005,1.1021434944771724,0.4592918380551271
15.355889724310776,1.100252699058258,0.45782748184946226
15.398496240601503,1.098400132101754,0.45635523712771137
15.44110275689223,1.0965844969344007,0.45487698781522196
15.483709273182956,1.0948045550769958,0.4533943378830674
15.526315789473683,1.0930591269192573,0.4519086485662898
15.56892230576441,1.091347091211148,0.4504210717892462
15.611528822055137,1.0896673836808402,0.44893257994233904
15.654135338345863,1.0880189950302888,0.447443992204938
15.69674185463659,1.0864009685095546,0.4459559976446173
15.739348370927317,1.084812397229292,0.4444691753451225
15.781954887218044,1.0832524213359414,0.442984011826808
15.82456140350877,1.081720225145246,0.4415009160256498
15.867167919799497,1.080215034305836,0.44002023209216473
15.909774436090224,1.0787361130450999,0.43854225026131965
15.952380952380953,1.0772827615337608,0.43706721603027726
15.99498746867168,1.0758543133929377,0.4355953378638626
16.037593984962406,1.0744501906909425,0.43412660662007657
16.08020050125313,1.0730699113993154,0.43266079387897893
16.12280701754386,1.07171266285058,0.43119879668646144
16.165413533834588,1.0703779014204922,0.4297406829606766
16.208020050125313,1.0690651048132127,0.428286516881609
16.250626566416038,1.0677737708501607,0.42683635910164514
16.293233082706767,1.0665034163456846,0.4253902669402881
16.335839598997495,1.0652535760622004,0.42394829456452227
16.37844611528822,1.0640238017381631,0.4225104931561622
16.421052631578945,1.0628136611828611,0.42107691106738154
16.463659147869674,1.0616227374325975,0.4196475939654813
16.506265664160402,1.0604506279633208,0.418222584967845
16.548872180451127,1.0592969439552264,0.41680192476793193
16.591478696741852,1.058161309605256,0.4153856517530693
16.63408521303258,1.0570433614837837,0.41397380211472584
16.67669172932331,1.0559427479321148,0.4125664099518862
16.719298245614034,1.0548591284977071,0.41116350736807517
16.76190476190476,1.0537921734043076,0.4097651245625388
16.804511278195488,1.0527415630544217,0.4083712899160318
16.847117794486216,1.0517069875617646,0.40698203007162387
16.88972431077694,1.050688146311534,0.4055973700108969
16.932330827067666,1.0496847475465185,0.4042173331258707
16.974937343358395,1.0486965079772341,0.4028419412869696
17.017543859649123,1.0477231524144073,0.4014712149073064
17.06015037593985,1.0467644134222733,0.4001051730035439
17.102756892230573,1.0458200309912749,0.3987438332535676
17.145363408521302,1.0448897522288514,0.3973872120511852
17.18796992481203,1.0439733310671226,0.3960353245580499
17.230576441102755,1.0430705279863512,0.3946881847529896
17.27318295739348,1.0421811097531588,0.39334580547890696
17.31578947368421,1.041304849172547,0.3920081984874065
17.358395989974937,1.0404415248528431,0.39067537448128864
17.401002506265662,1.039590920982759,0.3893473431550422
17.44360902255639,1.0387528271198052,0.38802411323345404
17.48621553884712,1.0379270379893613,0.38670569250845216
17.528822055137844,1.0371133532937553,0.38539208787428264
17.57142857142857,1.0363115775307405,0.3840833053611159
17.614035087719298,1.0355215198208167,0.38277935016717585
17.656641604010026,1.0347429937428638,0.3814802266894707
17.69924812030075,1.0339758171776097,0.38018593855320526
17.741854636591476,1.0332198121584686,0.3788964886399449
17.784461152882205,1.0324748047293362,0.3776118791146016
17.827067669172934,1.0317406248089391,0.37633211145130113
17.86967418546366,1.0310171060613722,0.37505718645819314
17.912280701754383,1.0303040857724794,0.3737871043012559
17.954887218045112,1.029601404731754,0.3725218645271504
17.99749373433584,1.0289089071194593,0.3712614660851708
18.040100250626566,1.0282264403986816,0.37000590734833366
18.08270676691729,1.0275538552120564,0.36875518613365266
18.12531328320802,1.0268910052829179,0.36750929972163643
18.167919799498748,1.026237747320635,0.3662682448750467
18.210526315789473,1.0255939409299228,0.3650320178569519
18.253132832080198,1.0249594485239157,0.36380061444811146
18.295739348370926,1.024334135240816,0.3625740299637188
18.338345864661655,1.0237178688639337,0.3613522592695353
18.38095238095238,1.0231105197449466,0.3601352967974421
18.423558897243105,1.0225119607302218,0.35892313656043423
18.466165413533833,1.0219220670900446,0.3577157721670846
18.50877192982456,1.021340716450616,0.3565131968355017
18.551378446115287,1.0207677887286815,0.35531540340679846
18.59398496240601,1.0202031660686655,0.354122384358098
18.63659147869674,1.019646732782192,0.3529341318150951
18.67919799498747,1.019098375289879,0.35175063756419134
18.721804511278194,1.0185579820652981,0.3505718930642222
18.764411027568922,1.0180254435810012,0.3493978894577911
18.80701754385965,1.017500652256517,0.34822861758223345
18.849624060150376,1.0169835024082297,0.34706406798021444
18.8922305764411,1.016473890201049,0.3459042309099867
18.93483709273183,1.0159717136018,0.3447490963553133
18.977443609022558,1.0154768723342458,0.34359865403507533
19.020050125313283,1.0149892678356796,0.3424528934125707
19.062656641604008,1.0145088032150114,0.3413118037045206
19.105263157894736,1.014035383212287,0.3401753738897926
19.14786967418546,1.0135689141595787,0.3390435927178536
19.19047619047619,1.0131093039431833,0.3379164487169583
19.233082706766915,1.0126564619670804,0.3367939302020885
19.275689223057643,1.0122102991175892,0.3356760252826479
19.31829573934837,1.0117707277291816,0.334562721869926
19.360902255639097,1.0113376615513963,0.33345400768433414
19.403508771929825,1.010911015716814,0.33234987026242585
19.44611528822055,1.0104907067100493,0.3312502969637096
19.48872180451128,1.0100766523377143,0.3301552749772574
19.531328320802004,1.009668771699322,0.3290647913281202
19.573934837092732,1.0092669851590843,0.3279788328835563
19.616541353383457,1.0088712143185743,0.32689738635907634
19.659147869674186,1.0084813819902174,0.3258204383243161
19.70175438596491,1.0080974121715796,0.3247479752087375
19.74436090225564,1.0077192300204192,0.32367998330716785
19.786967418546364,1.007346761830477,0.32261644878518253
19.829573934837093,1.0069799350079756,0.32155735768433064
19.872180451127818,1.0066186780487958,0.320502695927219
19.914786967418546,1.006262920516314,0.3194524493224482
19.95739348370927,1.0059125930198687,0.3184066035694138
20.0,1.0055676271938345,0.3173651442629729
